Skill (O*NET Work Activity),Total_Tasks,Avg_AI_Capability,Avg_Worker_Desire,Avg_Ethics_Empathy_Need
['Documenting/Recording Information'],15,3.9,3.161904761904762,0.21726190476190474
['Making Decisions and Solving Problems'],2,3.75,3.333333333333333,0.3958333333333333
"['Guiding, Directing, and Motivating Subordinates']",3,3.583333333333333,3.45,0.25
['Getting Information'],2,3.25,3.833333333333333,0.4
['Thinking Creatively'],8,3.1041666666666665,3.426041666666667,0.13697916666666668
['Analyzing Data or Information'],7,3.023809523809524,3.098809523809524,0.3684523809523809
['Updating and Using Relevant Knowledge'],3,2.9166666666666665,2.1333333333333333,0.32222222222222224
"['Communicating with Supervisors, Peers, or Subordinates']",5,2.7666666666666666,3.1144444444444446,0.2638888888888889
['Training and Teaching Others'],2,2.666666666666667,2.607142857142857,0.4017857142857143
"['Judging the Qualities of Objects, Services, or People']",2,2.333333333333333,2.5,0.1625
